[
  {
    "title": "Dynamite",
    "album": "Be (Deluxe Edition)",
    "year": "2020",
    "youtubeId": "gdZLi9oWNZg",
    "spotifyId": "4kLL1mTQfZx0gE1aeZ0m2m",
    "cover": "https://i.ytimg.com/vi/gdZLi9oWNZg/maxresdefault.jpg",
    "infoUrl": "https://www.youtube.com/watch?v=gdZLi9oWNZg"
  },
  {
    "title": "Butter",
    "album": "Butter (Single)",
    "year": "2021",
    "youtubeId": "WMweEpGlu_U",
    "spotifyId": "4p9l9E0a3Q6cT5jL95S3gJ",
    "cover": "https://i.ytimg.com/vi/WMweEpGlu_U/maxresdefault.jpg",
    "infoUrl": "https://www.youtube.com/watch?v=WMweEpGlu_U"
  },
  {
    "title": "Fake Love",
    "album": "LOVE YOURSELF 承 'Her'",
    "year": "2018",
    "youtubeId": "7C2z4GqqS5E",
    "spotifyId": "6yN8bB1xPb0fW2Z2r4u9G3",
    "cover": "https://i.ytimg.com/vi/7C2z4GqqS5E/maxresdefault.jpg",
    "infoUrl": "https://www.youtube.com/watch?v=7C2z4GqqS5E"
  },
  {
    "title": "Boy With Luv (feat. Halsey)",
    "album": "MAP OF THE SOUL : PERSONA",
    "year": "2019",
    "youtubeId": "XsX3ATc3FbA",
    "spotifyId": "2IOd6aGf0Cy7x0xgkSgI4P",
    "cover": "https://i.ytimg.com/vi/XsX3ATc3FbA/maxresdefault.jpg",
    "infoUrl": "https://www.youtube.com/watch?v=XsX3ATc3FbA"
  },
  {
    "title": "Spring Day",
    "album": "You Never Walk Alone",
    "year": "2017",
    "youtubeId": "_XAJLnO2q-w",
    "spotifyId": "0hVqgLJ5u3sQF5eXb6xYwM",
    "cover": "https://i.ytimg.com/vi/_XAJLnO2q-w/maxresdefault.jpg",
    "infoUrl": "https://www.youtube.com/watch?v=_XAJLnO2q-w"
  }
]